<?xml version="1.0" encoding="UTF-8" standalone="yes"?>
<addon id="script.helper" 
	   name="Cmd Utils" 
	   version="1.0.0" 
	   provider-name="sergep">
	<requires>
		<import addon="xbmc.python" version="2.5.0"/>
	</requires>
	<extension point="xbmc.python.script" library="script.py">
		<provides>executable</provides>
	</extension>
	<extension point="xbmc.addon.metadata">
		<platform>all</platform>
		<summary lang="en">KODI utils</summary>
		<description lang="en">KODI utils</description>
		<license>GNU General Public License, v2</license>
		<language></language>
		<news>Updated the addon to use new addon.xml metadata</news>
		<assets>
			<icon>icon.png</icon>
		</assets>
	</extension>	
</addon>
