<?xml version="1.0" encoding="UTF-8"?>
    <addon id="repository.sergep" name="SergeP KODI Addons" version="0.1.0" provider-name="SergeP">
        <requires>
            <import addon="xbmc.addon" version="12.0.0"/>
        </requires>
        <extension point="xbmc.addon.repository" name="SergeP KODI Addons">
            <info compressed="false">https://raw.githubusercontent.com/ce4a/kodi_addons/master/_repo/addons.xml</info>
            <checksum>https://raw.githubusercontent.com/ce4a/kodi_addons/master/_repo/addons.xml.md5</checksum>
            <datadir zip="true">https://raw.githubusercontent.com/ce4a/kodi_addons/master/_repo/</datadir>
            <hashes>false</hashes>
        </extension>
        <extension point="xbmc.addon.metadata">
            <summary>KODI Utilites</summary>
            <description>SergeP KODI Addons.[CR]</description>
            <platform>all</platform>
    </extension>
</addon>